[
  {
    "icon": "fa fa-home",
    "slug": "external",
    "title": "Volver al inicio",
    "path": "index.html"
  },  
  {
    "icon": "fa fa-play-circle",
    "slug": "tema-1",
    "title": "1. ¿Qué es una campaña publicitaria?",
    "path": "pages/tema-1.html",
    "submenu": [
      {
        "icon": "fa fa-play-circle",
        "slug": "tema-1",
        "title": "Estructura de la campaña publicitaria",
        "anchor": "tema-11"
      },
      {
        "icon": "fa fa-play-circle",
        "slug": "tema-1",
        "title": "Modelos de campaña",
        "anchor": "tema-12"
      }
    ]    
  }
]